{
  "jf": {
    "scheme": {
      "bg": {
        "surface-main": {
          "value": "{jf.scheme.neutral}",
          "type": "color",
          "$extensions": {
            "studio.tokens": {
              "modify": {
                "type": "lighten",
                "value": "{jf.scheme.modifier-amount.0}",
                "space": "hsl"
              }
            }
          }
        },
        "surface-moderate": {
          "value": "{jf.scheme.neutral}",
          "type": "color",
          "$extensions": {
            "studio.tokens": {
              "modify": {
                "type": "lighten",
                "value": "{jf.scheme.modifier-amount.2}",
                "space": "hsl"
              }
            }
          }
        },
        "surface-strong": {
          "value": "{jf.scheme.neutral}",
          "type": "color",
          "$extensions": {
            "studio.tokens": {
              "modify": {
                "type": "lighten",
                "value": "{jf.scheme.modifier-amount.3} ",
                "space": "hsl"
              }
            }
          }
        },
        "surface-inverted": {
          "value": "{jf.scheme.neutral}",
          "type": "color",
          "$extensions": {
            "studio.tokens": {
              "modify": {
                "type": "darken",
                "value": "{jf.scheme.modifier-amount.2} ",
                "space": "hsl"
              }
            }
          }
        },
        "primary": {
          "value": "{jf.scheme.primary}",
          "type": "color"
        },
        "secondary": {
          "value": "{jf.scheme.secondary}",
          "type": "color"
        },
        "success": {
          "value": "{jf.scheme.success}",
          "type": "color"
        },
        "critical": {
          "value": "{jf.scheme.critical}",
          "type": "color"
        },
        "warning": {
          "value": "{jf.scheme.warning}",
          "type": "color"
        },
        "dataviz1": {
          "value": "{jf.scheme.dataviz1}",
          "type": "color"
        },
        "dataviz2": {
          "value": "{jf.scheme.dataviz2}",
          "type": "color"
        },
        "dataviz3": {
          "value": "{jf.scheme.dataviz3}",
          "type": "color"
        },
        "dataviz4": {
          "value": "{jf.scheme.dataviz4}",
          "type": "color"
        },
        "dataviz5": {
          "value": "{jf.scheme.dataviz5}",
          "type": "color"
        },
        "dataviz6": {
          "value": "{jf.scheme.dataviz6}",
          "type": "color",
          "$extensions": {
            "studio.tokens": {
              "modify": {
                "type": "darken",
                "value": "{jf.scheme.modifier-amount.9} ",
                "space": "hsl"
              }
            }
          }
        },
        "dataviz7": {
          "value": "{jf.scheme.dataviz7}",
          "type": "color",
          "$extensions": {
            "studio.tokens": {
              "modify": {
                "type": "lighten",
                "value": "{jf.scheme.modifier-amount.9} ",
                "space": "hsl"
              }
            }
          }
        }
      }
    }
  }
}