{
  "jf": {
    "typography": {
      "display": {
        "lg": {
          "screen-lg": {
            "value": {
              "fontFamily": "{jf.font-family.brand}",
              "fontWeight": "{jf.font-weight.display}",
              "lineHeight": "{jf.line-height.display.lg}",
              "fontSize": "126.66",
              "letterSpacing": "{jf.letter-spacing.display.lg}",
              "textCase": "{jf.text-transform.display}"
            },
            "type": "typography",
            "description": "ref: 1920px viewport"
          },
          "screen-md": {
            "value": {
              "fontFamily": "{jf.font-family.brand}",
              "fontWeight": "{jf.font-weight.display}",
              "lineHeight": "{jf.line-height.display.lg}",
              "fontSize": "111.88",
              "letterSpacing": "{jf.letter-spacing.display.lg}",
              "textCase": "{jf.text-transform.display}"
            },
            "type": "typography",
            "description": "ref: 1400x viewport"
          },
          "screen-sm": {
            "value": {
              "fontFamily": "{jf.font-family.brand}",
              "fontWeight": "{jf.font-weight.display}",
              "lineHeight": "{jf.line-height.display.lg}",
              "fontSize": "97.10",
              "letterSpacing": "{jf.letter-spacing.display.lg}",
              "textCase": "{jf.text-transform.display}"
            },
            "type": "typography",
            "description": "ref: 960px viewport"
          },
          "screen-xs": {
            "value": {
              "fontFamily": "{jf.font-family.brand}",
              "fontWeight": "{jf.font-weight.display}",
              "lineHeight": "{jf.line-height.display.lg}",
              "fontSize": "77.40",
              "letterSpacing": "{jf.letter-spacing.display.lg}",
              "textCase": "{jf.text-transform.display}"
            },
            "type": "typography",
            "description": "ref: 320px viewport"
          }
        },
        "md": {
          "screen-lg": {
            "value": {
              "fontFamily": "{jf.font-family.brand}",
              "fontWeight": "{jf.font-weight.display}",
              "lineHeight": "{jf.line-height.display.md}",
              "fontSize": "81.06",
              "letterSpacing": "{jf.letter-spacing.display.md}",
              "textCase": "{jf.text-transform.display}"
            },
            "type": "typography",
            "description": "ref: 1920px viewport"
          },
          "screen-md": {
            "value": {
              "fontFamily": "{jf.font-family.brand}",
              "fontWeight": "{jf.font-weight.display}",
              "lineHeight": "{jf.line-height.display.md}",
              "fontSize": "72.87",
              "letterSpacing": "{jf.letter-spacing.display.md}",
              "textCase": "{jf.text-transform.display}"
            },
            "type": "typography",
            "description": "ref: 1400x viewport"
          },
          "screen-sm": {
            "value": {
              "fontFamily": "{jf.font-family.brand}",
              "fontWeight": "{jf.font-weight.display}",
              "lineHeight": "{jf.line-height.display.md}",
              "fontSize": "64.67",
              "letterSpacing": "{jf.letter-spacing.display.md}",
              "textCase": "{jf.text-transform.display}"
            },
            "type": "typography",
            "description": "ref: 960px viewport"
          },
          "screen-xs": {
            "value": {
              "fontFamily": "{jf.font-family.brand}",
              "fontWeight": "{jf.font-weight.display}",
              "lineHeight": "{jf.line-height.display.md}",
              "fontSize": "53.75",
              "letterSpacing": "{jf.letter-spacing.display.md}",
              "textCase": "{jf.text-transform.display}"
            },
            "type": "typography",
            "description": "ref: 320px viewport"
          }
        },
        "sm": {
          "screen-lg": {
            "value": {
              "fontFamily": "{jf.font-family.brand}",
              "fontWeight": "{jf.font-weight.display}",
              "lineHeight": "{jf.line-height.display.sm}",
              "fontSize": "64.85",
              "letterSpacing": "{jf.letter-spacing.display.sm}",
              "textCase": "{jf.text-transform.display}"
            },
            "type": "typography",
            "description": "ref: 1920px viewport"
          },
          "screen-md": {
            "value": {
              "fontFamily": "{jf.font-family.brand}",
              "fontWeight": "{jf.font-weight.display}",
              "lineHeight": "{jf.line-height.display.sm}",
              "fontSize": "58.83",
              "letterSpacing": "{jf.letter-spacing.display.sm}",
              "textCase": "{jf.text-transform.display}"
            },
            "type": "typography",
            "description": "ref: 1400x viewport"
          },
          "screen-sm": {
            "value": {
              "fontFamily": "{jf.font-family.brand}",
              "fontWeight": "{jf.font-weight.display}",
              "lineHeight": "{jf.line-height.display.sm}",
              "fontSize": "52.81",
              "letterSpacing": "{jf.letter-spacing.display.sm}",
              "textCase": "{jf.text-transform.display}"
            },
            "type": "typography",
            "description": "ref: 960px viewport"
          },
          "screen-xs": {
            "value": {
              "fontFamily": "{jf.font-family.brand}",
              "fontWeight": "{jf.font-weight.display}",
              "lineHeight": "{jf.line-height.display.sm}",
              "fontSize": "44.79",
              "letterSpacing": "{jf.letter-spacing.display.sm}",
              "textCase": "{jf.text-transform.display}"
            },
            "type": "typography",
            "description": "ref: 320px viewport"
          }
        }
      },
      "title": {
        "lg": {
          "screen-lg": {
            "value": {
              "fontFamily": "{jf.font-family.brand}",
              "fontWeight": "{jf.font-weight.title-bold}",
              "lineHeight": "{jf.line-height.title.lg}",
              "fontSize": "41.50",
              "letterSpacing": "{jf.letter-spacing.title.lg}",
              "textCase": "{jf.text-transform.title}"
            },
            "type": "typography",
            "description": "ref: 1920px viewport"
          },
          "screen-md": {
            "value": {
              "fontFamily": "{jf.font-family.brand}",
              "fontWeight": "{jf.font-weight.title-bold}",
              "lineHeight": "{jf.line-height.title.lg}",
              "fontSize": "38.38",
              "letterSpacing": "{jf.letter-spacing.title.lg}",
              "textCase": "{jf.text-transform.title}"
            },
            "type": "typography",
            "description": "ref: 1400x viewport"
          },
          "screen-sm": {
            "value": {
              "fontFamily": "{jf.font-family.brand}",
              "fontWeight": "{jf.font-weight.title-bold}",
              "lineHeight": "{jf.line-height.title.lg}",
              "fontSize": "35.26",
              "letterSpacing": "{jf.letter-spacing.title.lg}",
              "textCase": "{jf.text-transform.title}"
            },
            "type": "typography",
            "description": "ref: 960px viewport"
          },
          "screen-xs": {
            "value": {
              "fontFamily": "{jf.font-family.brand}",
              "fontWeight": "{jf.font-weight.title-bold}",
              "lineHeight": "{jf.line-height.title.lg}",
              "fontSize": "31.10",
              "letterSpacing": "{jf.letter-spacing.title.lg}",
              "textCase": "{jf.text-transform.title}"
            },
            "type": "typography",
            "description": "ref: 320px viewport"
          }
        },
        "md": {
          "screen-lg": {
            "value": {
              "fontFamily": "{jf.font-family.brand}",
              "fontWeight": "{jf.font-weight.title-bold}",
              "lineHeight": "{jf.line-height.title.md}",
              "fontSize": "33.20",
              "letterSpacing": "{jf.letter-spacing.title.md}",
              "textCase": "{jf.text-transform.title}"
            },
            "type": "typography",
            "description": "ref: 1920px viewport"
          },
          "screen-md": {
            "value": {
              "fontFamily": "{jf.font-family.brand}",
              "fontWeight": "{jf.font-weight.title-bold}",
              "lineHeight": "{jf.line-height.title.md}",
              "fontSize": "31.02",
              "letterSpacing": "{jf.letter-spacing.title.md}",
              "textCase": "{jf.text-transform.title}"
            },
            "type": "typography",
            "description": "ref: 1400x viewport"
          },
          "screen-sm": {
            "value": {
              "fontFamily": "{jf.font-family.brand}",
              "fontWeight": "{jf.font-weight.title-bold}",
              "lineHeight": "{jf.line-height.title.md}",
              "fontSize": "28.83",
              "letterSpacing": "{jf.letter-spacing.title.md}",
              "textCase": "{jf.text-transform.title}"
            },
            "type": "typography",
            "description": "ref: 960px viewport"
          },
          "screen-xs": {
            "value": {
              "fontFamily": "{jf.font-family.brand}",
              "fontWeight": "{jf.font-weight.title-bold}",
              "lineHeight": "{jf.line-height.title.md}",
              "fontSize": "25.92",
              "letterSpacing": "{jf.letter-spacing.title.md}",
              "textCase": "{jf.text-transform.title}"
            },
            "type": "typography",
            "description": "ref: 320px viewport"
          }
        },
        "sm": {
          "screen-lg": {
            "value": {
              "fontFamily": "{jf.font-family.brand}",
              "fontWeight": "{jf.font-weight.title-bold}",
              "lineHeight": "{jf.line-height.title.sm}",
              "fontSize": "26.56",
              "letterSpacing": "{jf.letter-spacing.title.sm}",
              "textCase": "{jf.text-transform.title}"
            },
            "type": "typography",
            "description": "ref: 1920px viewport"
          },
          "screen-md": {
            "value": {
              "fontFamily": "{jf.font-family.brand}",
              "fontWeight": "{jf.font-weight.title-bold}",
              "lineHeight": "{jf.line-height.title.sm}",
              "fontSize": "25.07",
              "letterSpacing": "{jf.letter-spacing.title.sm}",
              "textCase": "{jf.text-transform.title}"
            },
            "type": "typography",
            "description": "ref: 1400x viewport"
          },
          "screen-sm": {
            "value": {
              "fontFamily": "{jf.font-family.brand}",
              "fontWeight": "{jf.font-weight.title-bold}",
              "lineHeight": "{jf.line-height.title.sm}",
              "fontSize": "23.59",
              "letterSpacing": "{jf.letter-spacing.title.sm}",
              "textCase": "{jf.text-transform.title}"
            },
            "type": "typography",
            "description": "ref: 960px viewport"
          },
          "screen-xs": {
            "value": {
              "fontFamily": "{jf.font-family.brand}",
              "fontWeight": "{jf.font-weight.title-bold}",
              "lineHeight": "{jf.line-height.title.sm}",
              "fontSize": "21.60",
              "letterSpacing": "{jf.letter-spacing.title.sm}",
              "textCase": "{jf.text-transform.title}"
            },
            "type": "typography",
            "description": "ref: 320px viewport"
          }
        },
        "xs": {
          "screen-lg": {
            "value": {
              "fontFamily": "{jf.font-family.brand}",
              "fontWeight": "{jf.font-weight.title-medium}",
              "lineHeight": "{jf.line-height.title.xs}",
              "fontSize": "21.25",
              "letterSpacing": "{jf.letter-spacing.title.xs}",
              "textCase": "{jf.text-transform.title}"
            },
            "type": "typography",
            "description": "ref: 1920px viewport"
          },
          "screen-md": {
            "value": {
              "fontFamily": "{jf.font-family.brand}",
              "fontWeight": "{jf.font-weight.title-medium}",
              "lineHeight": "{jf.line-height.title.xs}",
              "fontSize": "20.27",
              "letterSpacing": "{jf.letter-spacing.title.xs}",
              "textCase": "{jf.text-transform.title}"
            },
            "type": "typography",
            "description": "ref: 1400x viewport"
          },
          "screen-sm": {
            "value": {
              "fontFamily": "{jf.font-family.brand}",
              "fontWeight": "{jf.font-weight.title-medium}",
              "lineHeight": "{jf.line-height.title.xs}",
              "fontSize": "19.30",
              "letterSpacing": "{jf.letter-spacing.title.xs}",
              "textCase": "{jf.text-transform.title}"
            },
            "type": "typography",
            "description": "ref: 960px viewport"
          },
          "screen-xs": {
            "value": {
              "fontFamily": "{jf.font-family.brand}",
              "fontWeight": "{jf.font-weight.title-medium}",
              "lineHeight": "{jf.line-height.title.xs}",
              "fontSize": "18.00",
              "letterSpacing": "{jf.letter-spacing.title.xs}",
              "textCase": "{jf.text-transform.title}"
            },
            "type": "typography",
            "description": "ref: 320px viewport"
          }
        },
        "xs2": {
          "screen-lg": {
            "value": {
              "fontFamily": "{jf.font-family.brand}",
              "fontWeight": "{jf.font-weight.title-medium}",
              "lineHeight": "{jf.line-height.title.xs2}",
              "fontSize": "20.00",
              "letterSpacing": "{jf.letter-spacing.title.xs2}",
              "textCase": "{jf.text-transform.title}"
            },
            "type": "typography",
            "description": "ref: 1920px viewport"
          },
          "screen-md": {
            "value": {
              "fontFamily": "{jf.font-family.brand}",
              "fontWeight": "{jf.font-weight.title-medium}",
              "lineHeight": "{jf.line-height.title.xs2}",
              "fontSize": "{jf.line-height.title.xs2}",
              "letterSpacing": "{jf.letter-spacing.title.xs2}",
              "textCase": "{jf.text-transform.title}"
            },
            "type": "typography",
            "description": "ref: 1400x viewport"
          },
          "screen-sm": {
            "value": {
              "fontFamily": "{jf.font-family.brand}",
              "fontWeight": "{jf.font-weight.title-medium}",
              "lineHeight": "{jf.line-height.title.xs2}",
              "fontSize": "{jf.line-height.title.xs2}",
              "letterSpacing": "{jf.letter-spacing.title.xs2}",
              "textCase": "{jf.text-transform.title}"
            },
            "type": "typography",
            "description": "ref: 960px viewport"
          },
          "screen-xs": {
            "value": {
              "fontFamily": "{jf.font-family.brand}",
              "fontWeight": "{jf.font-weight.title-medium}",
              "lineHeight": "{jf.line-height.title.xs2}",
              "fontSize": "{jf.line-height.title.xs2}",
              "letterSpacing": "{jf.letter-spacing.title.xs2}",
              "textCase": "{jf.text-transform.title}"
            },
            "type": "typography",
            "description": "ref: 320px viewport"
          }
        },
        "xs3": {
          "screen-lg": {
            "value": {
              "fontFamily": "{jf.font-family.brand}",
              "fontWeight": "{jf.font-weight.title-medium}",
              "lineHeight": "{jf.line-height.title.xs2}",
              "fontSize": "{jf.font-size.title.xs3}",
              "letterSpacing": "{jf.letter-spacing.title.xs2}",
              "textCase": "{jf.text-transform.title}"
            },
            "type": "typography",
            "description": "ref: 1920px viewport"
          },
          "screen-md": {
            "value": {
              "fontFamily": "{jf.font-family.brand}",
              "fontWeight": "{jf.font-weight.title-medium}",
              "lineHeight": "{jf.line-height.title.xs2}",
              "fontSize": "{jf.font-size.title.xs3}",
              "letterSpacing": "{jf.letter-spacing.title.xs2}",
              "textCase": "{jf.text-transform.title}"
            },
            "type": "typography",
            "description": "ref: 1400x viewport"
          },
          "screen-sm": {
            "value": {
              "fontFamily": "{jf.font-family.brand}",
              "fontWeight": "{jf.font-weight.title-medium}",
              "lineHeight": "{jf.line-height.title.xs2}",
              "fontSize": "{jf.font-size.title.xs3}",
              "letterSpacing": "{jf.letter-spacing.title.xs2}",
              "textCase": "{jf.text-transform.title}"
            },
            "type": "typography",
            "description": "ref: 960px viewport"
          },
          "screen-xs": {
            "value": {
              "fontFamily": "{jf.font-family.brand}",
              "fontWeight": "{jf.font-weight.title-medium}",
              "lineHeight": "{jf.line-height.title.xs2}",
              "fontSize": "{jf.font-size.title.xs3}",
              "letterSpacing": "{jf.letter-spacing.title.xs2}",
              "textCase": "{jf.text-transform.title}"
            },
            "type": "typography",
            "description": "ref: 320px viewport"
          }
        }
      },
      "label": {
        "lg": {
          "value": {
            "fontFamily": "{jf.font-family.brand}",
            "fontWeight": "{jf.font-weight.label}",
            "lineHeight": "{jf.line-height.label.lg}",
            "fontSize": "{jf.font-size.label.lg}",
            "letterSpacing": "{jf.letter-spacing.label.lg}",
            "textCase": "{jf.text-transform.label}"
          },
          "type": "typography"
        },
        "xl": {
          "value": {
            "fontFamily": "{jf.font-family.brand}",
            "fontWeight": "{jf.font-weight.label}",
            "lineHeight": "{jf.line-height.label.xl}",
            "fontSize": "{jf.font-size.label.xl}",
            "letterSpacing": "{jf.letter-spacing.label.xl}",
            "textCase": "{jf.text-transform.label}"
          },
          "type": "typography"
        },
        "md": {
          "value": {
            "fontFamily": "{jf.font-family.brand}",
            "fontWeight": "{jf.font-weight.label}",
            "lineHeight": "{jf.line-height.label.md}",
            "fontSize": "{jf.font-size.label.md}",
            "letterSpacing": "{jf.letter-spacing.label.md}",
            "textCase": "{jf.text-transform.label}"
          },
          "type": "typography"
        },
        "sm": {
          "value": {
            "fontFamily": "{jf.font-family.brand}",
            "fontWeight": "{jf.font-weight.label}",
            "lineHeight": "{jf.line-height.label.sm}",
            "fontSize": "{jf.font-size.label.sm}",
            "letterSpacing": "{jf.letter-spacing.label.sm}",
            "textCase": "{jf.text-transform.label}"
          },
          "type": "typography"
        }
      },
      "body": {
        "regular": {
          "lg": {
            "value": {
              "fontFamily": "{jf.font-family.plain}",
              "fontWeight": "{jf.font-weight.body-regular}",
              "lineHeight": "{jf.line-height.body.lg}",
              "fontSize": "{jf.font-size.body.lg}",
              "letterSpacing": "{jf.letter-spacing.body.lg}",
              "textCase": "{jf.text-transform.body}"
            },
            "type": "typography"
          },
          "xl": {
            "value": {
              "fontFamily": "{jf.font-family.plain}",
              "fontWeight": "{jf.font-weight.body-regular}",
              "lineHeight": "{jf.line-height.body.xl}",
              "fontSize": "{jf.font-size.body.xl}",
              "letterSpacing": "{jf.letter-spacing.body.xl}",
              "textCase": "{jf.text-transform.body}"
            },
            "type": "typography"
          },
          "md": {
            "value": {
              "fontFamily": "{jf.font-family.plain}",
              "fontWeight": "{jf.font-weight.body-regular}",
              "lineHeight": "{jf.line-height.body.md}",
              "fontSize": "{jf.font-size.body.md}",
              "letterSpacing": "{jf.letter-spacing.body.md}",
              "textCase": "{jf.text-transform.body}"
            },
            "type": "typography"
          },
          "sm": {
            "value": {
              "fontFamily": "{jf.font-family.plain}",
              "fontWeight": "{jf.font-weight.body-regular}",
              "lineHeight": "{jf.line-height.body.sm}",
              "fontSize": "{jf.font-size.body.sm}",
              "letterSpacing": "{jf.letter-spacing.body.sm}",
              "textCase": "{jf.text-transform.body}"
            },
            "type": "typography"
          }
        },
        "medium": {
          "lg": {
            "value": {
              "fontFamily": "{jf.font-family.plain}",
              "fontWeight": "{jf.font-weight.body-medium}",
              "lineHeight": "{jf.line-height.body.lg}",
              "fontSize": "{jf.font-size.body.lg}",
              "letterSpacing": "{jf.letter-spacing.body.lg}",
              "textCase": "{jf.text-transform.body}"
            },
            "type": "typography"
          },
          "xl": {
            "value": {
              "fontFamily": "{jf.font-family.plain}",
              "fontWeight": "{jf.font-weight.body-medium}",
              "lineHeight": "{jf.line-height.body.xl}",
              "fontSize": "{jf.font-size.body.xl}",
              "letterSpacing": "{jf.letter-spacing.body.xl}",
              "textCase": "{jf.text-transform.body}"
            },
            "type": "typography"
          },
          "md": {
            "value": {
              "fontFamily": "{jf.font-family.plain}",
              "fontWeight": "{jf.font-weight.body-medium}",
              "lineHeight": "{jf.line-height.body.md}",
              "fontSize": "{jf.font-size.body.md}",
              "letterSpacing": "{jf.letter-spacing.body.md}",
              "textCase": "{jf.text-transform.body}"
            },
            "type": "typography"
          },
          "sm": {
            "value": {
              "fontFamily": "{jf.font-family.plain}",
              "fontWeight": "{jf.font-weight.body-medium}",
              "lineHeight": "{jf.line-height.body.sm}",
              "fontSize": "{jf.font-size.body.sm}",
              "letterSpacing": "{jf.letter-spacing.body.sm}",
              "textCase": "{jf.text-transform.body}"
            },
            "type": "typography"
          }
        },
        "bold": {
          "lg": {
            "value": {
              "fontFamily": "{jf.font-family.plain}",
              "fontWeight": "{jf.font-weight.body-bold}",
              "lineHeight": "{jf.line-height.body.lg}",
              "fontSize": "{jf.font-size.body.lg}",
              "letterSpacing": "{jf.letter-spacing.body.lg}",
              "textCase": "{jf.text-transform.body}"
            },
            "type": "typography"
          },
          "xl": {
            "value": {
              "fontFamily": "{jf.font-family.plain}",
              "fontWeight": "{jf.font-weight.body-bold}",
              "lineHeight": "{jf.line-height.body.xl}",
              "fontSize": "{jf.font-size.body.xl}",
              "letterSpacing": "{jf.letter-spacing.body.xl}",
              "textCase": "{jf.text-transform.body}"
            },
            "type": "typography"
          },
          "md": {
            "value": {
              "fontFamily": "{jf.font-family.plain}",
              "fontWeight": "{jf.font-weight.body-bold}",
              "lineHeight": "{jf.line-height.body.md}",
              "fontSize": "{jf.font-size.body.md}",
              "letterSpacing": "{jf.letter-spacing.body.md}",
              "textCase": "{jf.text-transform.body}"
            },
            "type": "typography"
          },
          "sm": {
            "value": {
              "fontFamily": "{jf.font-family.plain}",
              "fontWeight": "{jf.font-weight.body-bold}",
              "lineHeight": "{jf.line-height.body.sm}",
              "fontSize": "{jf.font-size.body.sm}",
              "letterSpacing": "{jf.letter-spacing.body.sm}",
              "textCase": "{jf.text-transform.body}"
            },
            "type": "typography"
          }
        }
      }
    }
  }
}