{
  "jf": {
    "blur": {
      "sm": {
        "value": "4",
        "type": "number"
      },
      "md": {
        "value": "8",
        "type": "number"
      },
      "lg": {
        "value": "12",
        "type": "number"
      }
    },
    "border-width": {
      "thin": {
        "value": "1",
        "type": "borderWidth"
      },
      "skinny": {
        "value": "2",
        "type": "borderWidth"
      },
      "medium": {
        "value": "4",
        "type": "borderWidth"
      },
      "semi-bold": {
        "value": "6",
        "type": "borderWidth"
      },
      "bold": {
        "value": "8",
        "type": "borderWidth"
      }
    },
    "gap": {
      "0": {
        "value": "{jf.dimension.0}",
        "type": "spacing"
      },
      "xs2": {
        "value": "{jf.dimension.2}",
        "type": "spacing",
        "description": "Really small gap between itens."
      },
      "xs": {
        "value": "{jf.dimension.3}",
        "type": "spacing",
        "description": "Small gap between itens"
      },
      "sm": {
        "value": "{jf.dimension.4}",
        "type": "spacing"
      },
      "md": {
        "value": "{jf.dimension.5}",
        "type": "spacing"
      },
      "lg": {
        "value": "{jf.dimension.6}",
        "type": "spacing"
      },
      "xl": {
        "value": "{jf.dimension.7}",
        "type": "spacing"
      },
      "xl2": {
        "value": "{jf.dimension.9}",
        "type": "spacing"
      },
      "xl3": {
        "value": "{jf.dimension.11}",
        "type": "spacing"
      },
      "g": {
        "value": "{jf.dimension.14}",
        "type": "spacing"
      },
      "auto": {
        "value": "AUTO",
        "type": "spacing"
      }
    },
    "padding": {
      "0": {
        "value": "{jf.dimension.0}",
        "type": "spacing"
      },
      "xs3": {
        "value": "{jf.dimension.1}",
        "type": "spacing",
        "description": "Really small gap between itens."
      },
      "xs2": {
        "value": "{jf.dimension.2}",
        "type": "spacing",
        "description": "Really small gap between itens."
      },
      "xs": {
        "value": "{jf.dimension.3}",
        "type": "spacing",
        "description": "Small gap between itens"
      },
      "sm": {
        "value": "{jf.dimension.4}",
        "type": "spacing"
      },
      "md": {
        "value": "{jf.dimension.5}",
        "type": "spacing"
      },
      "lg": {
        "value": "{jf.dimension.6}",
        "type": "spacing"
      },
      "xl": {
        "value": "{jf.dimension.7}",
        "type": "spacing"
      },
      "xl2": {
        "value": "{jf.dimension.9}",
        "type": "spacing"
      },
      "xl3": {
        "value": "{jf.dimension.11}",
        "type": "spacing"
      },
      "g": {
        "value": "{jf.dimension.15}",
        "type": "spacing"
      },
      "xg": {
        "value": "{jf.dimension.16}",
        "type": "spacing"
      },
      "xg2": {
        "value": "{jf.dimension.19}",
        "type": "spacing"
      },
      "xg3": {
        "value": "{jf.dimension.20}",
        "type": "spacing"
      }
    },
    "margin": {
      "0": {
        "value": "{jf.dimension.0}",
        "type": "spacing"
      },
      "xs3": {
        "value": "{jf.dimension.1}",
        "type": "spacing",
        "description": "Really small gap between itens."
      },
      "xs2": {
        "value": "{jf.dimension.2}",
        "type": "spacing",
        "description": "Really small gap between itens."
      },
      "xs": {
        "value": "{jf.dimension.3}",
        "type": "spacing",
        "description": "Small gap between itens"
      },
      "sm": {
        "value": "{jf.dimension.4}",
        "type": "spacing"
      },
      "md": {
        "value": "{jf.dimension.5}",
        "type": "spacing"
      },
      "lg": {
        "value": "{jf.dimension.6}",
        "type": "spacing"
      },
      "xl": {
        "value": "{jf.dimension.7}",
        "type": "spacing"
      },
      "xl2": {
        "value": "{jf.dimension.9}",
        "type": "spacing"
      },
      "xl3": {
        "value": "{jf.dimension.11}",
        "type": "spacing"
      },
      "g": {
        "value": "{jf.dimension.15}",
        "type": "spacing"
      },
      "xg": {
        "value": "{jf.dimension.16}",
        "type": "spacing"
      },
      "xg2": {
        "value": "{jf.dimension.19}",
        "type": "spacing"
      },
      "xg3": {
        "value": "{jf.dimension.20}",
        "type": "spacing"
      }
    },
    "width": {
      "full": {
        "value": "100%",
        "type": "sizing"
      },
      "vp-full": {
        "value": "100vw",
        "type": "sizing"
      },
      "vp-half": {
        "value": "50vw",
        "type": "sizing"
      },
      "half": {
        "value": "50%",
        "type": "sizing"
      },
      "quarter": {
        "value": "25%",
        "type": "sizing"
      },
      "vp-quarter": {
        "value": "25vw",
        "type": "sizing"
      }
    },
    "height": {
      "full": {
        "value": "100%",
        "type": "sizing"
      },
      "vp-full": {
        "value": "100vh",
        "type": "sizing"
      },
      "vp-half": {
        "value": "50vh",
        "type": "sizing"
      },
      "half": {
        "value": "50%",
        "type": "sizing"
      },
      "quarter": {
        "value": "25%",
        "type": "sizing"
      },
      "vp-quarter": {
        "value": "25vh",
        "type": "sizing"
      }
    },
    "size": {
      "0": {
        "value": "{jf.dimension.0}",
        "type": "sizing"
      },
      "xs5": {
        "value": "{jf.dimension.2}",
        "type": "sizing"
      },
      "xs4": {
        "value": "{jf.dimension.3}",
        "type": "sizing"
      },
      "xs3": {
        "value": "{jf.dimension.4}",
        "type": "sizing"
      },
      "xs2": {
        "value": "{jf.dimension.5}",
        "type": "sizing",
        "description": "Generic extra small size for components"
      },
      "xs": {
        "value": "{jf.dimension.6}",
        "type": "sizing",
        "description": "Generic extra small size for components"
      },
      "sm": {
        "value": "{jf.dimension.7}",
        "type": "sizing",
        "description": "Generic small size for components"
      },
      "md": {
        "value": "{jf.dimension.9}",
        "type": "sizing",
        "description": "Generic medium size for components"
      },
      "lg": {
        "value": "{jf.dimension.10}",
        "type": "sizing",
        "description": "Generic large size for components"
      },
      "xl": {
        "value": "{jf.dimension.11}",
        "type": "sizing",
        "description": "Generic extra large size for components"
      },
      "xl2": {
        "value": "{jf.dimension.12}",
        "type": "sizing",
        "description": "Generic extra large size for components"
      },
      "xl3": {
        "value": "{jf.dimension.13}",
        "type": "sizing",
        "description": "Generic extra large size for components"
      },
      "g": {
        "value": "{jf.dimension.14}",
        "type": "sizing"
      },
      "xg": {
        "value": "{jf.dimension.15}",
        "type": "sizing"
      },
      "xg2": {
        "value": "{jf.dimension.16}",
        "type": "sizing"
      },
      "xg3": {
        "value": "{jf.dimension.17}",
        "type": "sizing"
      },
      "xg4": {
        "value": "{jf.dimension.18}",
        "type": "sizing"
      },
      "xg5": {
        "value": "{jf.dimension.19}",
        "type": "sizing"
      }
    },
    "radii": {
      "shaped": {
        "value": "{jf.dimension.0}",
        "type": "borderRadius"
      },
      "pill": {
        "value": "999px",
        "type": "borderRadius"
      },
      "sm": {
        "value": "{jf.dimension.1}",
        "type": "borderRadius"
      },
      "md": {
        "value": "{jf.dimension.2}",
        "type": "borderRadius"
      },
      "lg": {
        "value": "{jf.dimension.3}",
        "type": "borderRadius"
      },
      "xl": {
        "value": "{jf.dimension.5}",
        "type": "borderRadius"
      }
    },
    "bottom-corners": {
      "radii": {
        "sm": {
          "value": "{jf.radii.shaped} {jf.radii.shaped} {jf.radii.sm} {jf.radii.sm}",
          "type": "borderRadius"
        },
        "md": {
          "value": "{jf.radii.shaped} {jf.radii.shaped} {jf.radii.md} {jf.radii.md}",
          "type": "borderRadius"
        },
        "lg": {
          "value": "{jf.radii.shaped} {jf.radii.shaped} {jf.radii.lg} {jf.radii.lg}",
          "type": "borderRadius"
        },
        "xl": {
          "value": "{jf.radii.shaped} {jf.radii.shaped} {jf.radii.xl} {jf.radii.xl}",
          "type": "borderRadius"
        }
      }
    },
    "top-corners": {
      "radii": {
        "sm": {
          "value": "{jf.radii.sm} {jf.radii.sm} {jf.radii.shaped} {jf.radii.shaped}",
          "type": "borderRadius"
        },
        "md": {
          "value": "{jf.radii.md} {jf.radii.md} {jf.radii.shaped} {jf.radii.shaped}",
          "type": "borderRadius"
        },
        "lg": {
          "value": "{jf.radii.lg} {jf.radii.lg} {jf.radii.shaped} {jf.radii.shaped}",
          "type": "borderRadius"
        },
        "xl": {
          "value": "{jf.radii.xl} {jf.radii.xl} {jf.radii.shaped} {jf.radii.shaped}",
          "type": "borderRadius"
        }
      }
    },
    "inset": {
      "padding": {
        "xs3": {
          "value": "{jf.padding.xs3} {jf.padding.xs3} {jf.padding.xs3}",
          "type": "spacing"
        },
        "xs2": {
          "value": "{jf.padding.xs2} {jf.padding.xs2} {jf.padding.xs2}",
          "type": "spacing"
        },
        "xs": {
          "value": "{jf.padding.xs} {jf.padding.xs} {jf.padding.xs}",
          "type": "spacing"
        },
        "sm": {
          "value": "{jf.padding.sm} {jf.padding.sm} {jf.padding.sm}",
          "type": "spacing"
        },
        "md": {
          "value": "{jf.padding.md} {jf.padding.md} {jf.padding.md}",
          "type": "spacing"
        },
        "lg": {
          "value": "{jf.padding.lg} {jf.padding.lg} {jf.padding.lg}",
          "type": "spacing"
        },
        "xl": {
          "value": "{jf.padding.xl} {jf.padding.xl} {jf.padding.xl}",
          "type": "spacing"
        },
        "xl2": {
          "value": "{jf.padding.xl2} {jf.padding.xl2} {jf.padding.xl2}",
          "type": "spacing"
        },
        "xl3": {
          "value": "{jf.padding.xl3} {jf.padding.xl3} {jf.padding.xl3}",
          "type": "spacing"
        },
        "g": {
          "value": "{jf.padding.g} {jf.padding.g} {jf.padding.g}",
          "type": "spacing"
        },
        "xg": {
          "value": "{jf.padding.xg} {jf.padding.xg} {jf.padding.xg}",
          "type": "spacing"
        }
      }
    },
    "squish": {
      "padding": {
        "xs3": {
          "value": "{jf.padding.0} {jf.padding.xs2} {jf.padding.0}",
          "type": "spacing"
        },
        "xs2": {
          "value": "{jf.padding.xs2} {jf.padding.xs} {jf.padding.xs2}",
          "type": "spacing"
        },
        "xs": {
          "value": "{jf.padding.xs} {jf.padding.sm} {jf.padding.xs}",
          "type": "spacing"
        },
        "sm": {
          "value": "{jf.padding.sm} {jf.padding.md} {jf.padding.sm}",
          "type": "spacing"
        },
        "md": {
          "value": "{jf.padding.md} {jf.padding.lg} {jf.padding.md}",
          "type": "spacing"
        },
        "lg": {
          "value": "{jf.padding.lg} {jf.padding.xl} {jf.padding.lg}",
          "type": "spacing"
        },
        "xl": {
          "value": "{jf.padding.xl} {jf.padding.xl2} {jf.padding.xl}",
          "type": "spacing"
        },
        "xl2": {
          "value": "{jf.padding.xl2} {jf.padding.xl3} {jf.padding.xl2}",
          "type": "spacing"
        },
        "xl3": {
          "value": "{jf.padding.xl3} {jf.padding.g} {jf.padding.xl3}",
          "type": "spacing"
        },
        "g": {
          "value": "{jf.padding.g} {jf.padding.xg} {jf.padding.g}",
          "type": "spacing"
        }
      }
    },
    "stretch": {
      "padding": {
        "xs3": {
          "value": "{jf.padding.xs2} {jf.padding.0} {jf.padding.xs2}",
          "type": "spacing"
        },
        "xs2": {
          "value": "{jf.padding.xs} {jf.padding.xs2} {jf.padding.xs}",
          "type": "spacing"
        },
        "xs": {
          "value": "{jf.padding.sm} {jf.padding.xs} {jf.padding.sm}",
          "type": "spacing"
        },
        "sm": {
          "value": "{jf.padding.md} {jf.padding.sm} {jf.padding.md}",
          "type": "spacing"
        },
        "md": {
          "value": "{jf.padding.lg} {jf.padding.md} {jf.padding.lg}",
          "type": "spacing"
        },
        "lg": {
          "value": "{jf.padding.xl} {jf.padding.lg} {jf.padding.xl}",
          "type": "spacing"
        },
        "xl": {
          "value": "{jf.padding.xl2} {jf.padding.xl} {jf.padding.xl2}",
          "type": "spacing"
        },
        "xl2": {
          "value": "{jf.padding.xl3} {jf.padding.xl2} {jf.padding.xl3}",
          "type": "spacing"
        },
        "xl3": {
          "value": "{jf.padding.g} {jf.padding.xl3} {jf.padding.g}",
          "type": "spacing"
        },
        "g": {
          "value": "{jf.padding.xg} {jf.padding.g} {jf.padding.xg}",
          "type": "spacing"
        }
      }
    },
    "horizontals": {
      "padding": {
        "xs2": {
          "value": "{jf.padding.0} {jf.padding.xs2} {jf.padding.0}",
          "type": "spacing"
        },
        "xs": {
          "value": "{jf.padding.0} {jf.padding.xs} {jf.padding.0}",
          "type": "spacing"
        },
        "sm": {
          "value": "{jf.padding.0} {jf.padding.sm} {jf.padding.0}",
          "type": "spacing"
        },
        "md": {
          "value": "{jf.padding.0} {jf.padding.md} {jf.padding.0}",
          "type": "spacing"
        },
        "lg": {
          "value": "{jf.padding.0} {jf.padding.lg} {jf.padding.0}",
          "type": "spacing"
        },
        "xl": {
          "value": "{jf.padding.0} {jf.padding.xl} {jf.padding.0}",
          "type": "spacing"
        },
        "xl2": {
          "value": "{jf.padding.0} {jf.padding.xl2} {jf.padding.0}",
          "type": "spacing"
        },
        "xl3": {
          "value": "{jf.padding.0} {jf.padding.xl3} {jf.padding.0}",
          "type": "spacing"
        },
        "g": {
          "value": "{jf.padding.0} {jf.padding.g} {jf.padding.0}",
          "type": "spacing"
        },
        "xg": {
          "value": "{jf.padding.0} {jf.padding.xg2} {jf.padding.0}",
          "type": "spacing"
        }
      }
    },
    "verticals": {
      "padding": {
        "xs2": {
          "value": "{jf.padding.xs2} {jf.padding.0} {jf.padding.xs2}",
          "type": "spacing"
        },
        "xs": {
          "value": "{jf.padding.xs} {jf.padding.0} {jf.padding.xs}",
          "type": "spacing"
        },
        "sm": {
          "value": "{jf.padding.sm} {jf.padding.0} {jf.padding.sm}",
          "type": "spacing"
        },
        "md": {
          "value": "{jf.padding.md} {jf.padding.0} {jf.padding.md}",
          "type": "spacing"
        },
        "lg": {
          "value": "{jf.padding.lg} {jf.padding.0} {jf.padding.lg}",
          "type": "spacing"
        },
        "xl": {
          "value": "{jf.padding.xl} {jf.padding.0} {jf.padding.xl}",
          "type": "spacing"
        },
        "xl2": {
          "value": "{jf.padding.xl2} {jf.padding.0} {jf.padding.xl2}",
          "type": "spacing"
        },
        "xl3": {
          "value": "{jf.padding.xl3} {jf.padding.0} {jf.padding.xl3}",
          "type": "spacing"
        },
        "g": {
          "value": "{jf.padding.g} {jf.padding.0} {jf.padding.g}",
          "type": "spacing"
        },
        "xg": {
          "value": "{jf.padding.xg} {jf.padding.0} {jf.padding.xg}",
          "type": "spacing"
        }
      }
    },
    "opacity": {
      "xs2": {
        "value": "0.1",
        "type": "opacity"
      },
      "xs": {
        "value": "0.15",
        "type": "opacity"
      },
      "sm": {
        "value": "0.2",
        "type": "opacity"
      },
      "md": {
        "value": "0.3",
        "type": "opacity"
      },
      "lg": {
        "value": "0.5",
        "type": "opacity"
      },
      "xl": {
        "value": "0.8",
        "type": "opacity"
      },
      "total": {
        "value": "1",
        "type": "opacity"
      },
      "transparent": {
        "value": "0",
        "type": "opacity"
      }
    },
    "layer": {
      "1": {
        "value": "-100",
        "type": "z-index",
        "description": "Also know as z-index"
      },
      "2": {
        "value": "1",
        "type": "z-index"
      },
      "3": {
        "value": "100",
        "type": "z-index"
      },
      "4": {
        "value": "200",
        "type": "z-index"
      },
      "5": {
        "value": "300",
        "type": "z-index"
      },
      "6": {
        "value": "500",
        "type": "z-index"
      },
      "7": {
        "value": "700",
        "type": "z-index"
      },
      "8": {
        "value": "800",
        "type": "z-index"
      },
      "9": {
        "value": "900",
        "type": "z-index"
      },
      "10": {
        "value": "1000",
        "type": "z-index"
      }
    },
    "animation": {
      "duration": {
        "0": {
          "value": "0ms",
          "type": "animation"
        },
        "xs": {
          "value": "50ms",
          "type": "animation"
        },
        "sm": {
          "value": "100ms",
          "type": "animation"
        },
        "md": {
          "value": "150ms",
          "type": "animation"
        },
        "lg": {
          "value": "200ms",
          "type": "animation"
        },
        "xl": {
          "value": "300ms",
          "type": "animation"
        },
        "xl2": {
          "value": "400ms",
          "type": "animation"
        },
        "xl3": {
          "value": "500ms",
          "type": "animation"
        },
        "g": {
          "value": "1000ms",
          "type": "animation"
        },
        "xg": {
          "value": "2000ms",
          "type": "animation"
        },
        "xg2": {
          "value": "3000ms",
          "type": "animation"
        },
        "xg3": {
          "value": "5000ms",
          "type": "animation"
        }
      },
      "transition": {
        "ease-in": {
          "value": "cubic-bezier(0.50, 0, 1, 1)",
          "type": "animation"
        },
        "ease-out": {
          "value": "cubic-bezier(0, 0, 0.4, 1)",
          "type": "animation"
        },
        "ease-in-out": {
          "value": "cubic-bezier(0.45, 0, 0.40, 1)",
          "type": "animation"
        }
      }
    },
    "breakpoint": {
      "xs": {
        "value": "320px",
        "type": "breakpoint"
      },
      "sm": {
        "value": "720px",
        "type": "breakpoint"
      },
      "md": {
        "value": "1080px",
        "type": "breakpoint"
      },
      "lg": {
        "value": "1440px",
        "type": "breakpoint"
      },
      "xl": {
        "value": "1920px",
        "type": "breakpoint"
      }
    },
    "state": {
      "opacity": {
        "dragged": {
          "value": "{jf.opacity.lg}",
          "type": "opacity"
        },
        "disabled": {
          "value": "{jf.opacity.sm}",
          "type": "opacity",
          "description": "Opacity for disabled state components"
        }
      }
    },
    "white": {
      "value": "#fff",
      "type": "color"
    },
    "black": {
      "value": "#000",
      "type": "color"
    }
  }
}